Temperatura,pH,O2  (mg/L),Amonio   (mg/L),TASA MORTALIDAD SI=1/NO=0
20.60,6.80,4.60,0.80,1
20.60,6.80,4.60,0.80,1
20.60,6.80,4.60,0.80,1
20.60,6.80,4.60,0.80,1
20.60,6.80,4.60,0.80,1
20.60,6.80,4.60,0.80,1
32.10,7.00,1.40,0.80,1
20.60,6.80,4.60,0.80,1
32.10,7.00,1.40,0.80,1
20.60,6.80,4.60,0.80,1
32.10,7.00,1.40,0.80,1
20.60,6.80,4.60,0.80,1
30.50,7.00,1.60,0.80,1
30.50,7.00,1.60,0.80,1
30.50,7.00,1.60,0.80,1
30.40,7.00,2.20,0.60,1
30.40,7.00,2.20,0.60,1
30.40,7.00,2.20,0.60,1
31.80,7.00,1.40,0.80,1
31.80,7.00,1.40,0.80,1
31.80,7.00,1.40,0.80,1
31.60,6.20,3.60,0.26,1
31.60,6.20,3.60,0.26,1
31.60,6.20,3.60,0.26,1
30.90,6.40,6.60,0.18,1
30.90,6.40,6.60,0.18,1
30.90,6.40,6.60,0.18,1
30.40,6.20,5.30,0.25,1
30.40,6.20,5.30,0.25,1
30.40,6.20,5.30,0.25,1
32.10,7.00,1.40,0.60,1
32.10,7.00,1.40,0.70,1
30.90,7.00,1.60,0.60,1
30.60,7.00,2.20,0.70,1
31.80,7.00,1.40,0.60,1
32.10,7.00,1.40,0.60,1
32.10,7.00,1.40,0.70,1
30.90,7.00,1.60,0.60,1
30.60,7.00,2.20,0.70,1
31.80,7.00,1.40,0.60,1
32.10,7.00,1.40,0.60,1
32.10,7.00,1.40,0.70,1
30.90,7.00,1.60,0.60,1
30.60,7.00,2.20,0.70,1
31.80,7.00,1.40,0.60,1
29.60,6.20,7.50,0.08,1
29.60,6.20,7.50,0.08,1
29.60,6.20,7.50,0.08,1
28.50,6.20,3.90,0.09,1
28.50,6.20,3.90,0.09,1
28.50,6.20,3.90,0.09,1
29.10,6.30,7.10,0.20,1
31.50,6.30,4.00,0.25,1
30.50,7.00,1.60,0.60,1
32.10,7.00,1.40,0.60,1
32.10,7.00,1.40,0.60,1
32.00,7.00,2.20,0.80,1
31.60,7.00,1.60,0.70,1
31.40,7.00,1.60,0.70,1
29.10,6.30,7.10,0.20,1
31.50,6.30,4.00,0.25,1
30.50,7.00,1.60,0.60,1
32.10,7.00,1.40,0.60,1
32.10,7.00,1.40,0.60,1
32.00,7.00,2.20,0.80,1
31.60,7.00,1.60,0.70,1
31.40,7.00,1.60,0.70,1
29.10,6.30,7.10,0.20,1
31.50,6.30,4.00,0.25,1
30.50,7.00,1.60,0.60,1
32.10,7.00,1.40,0.60,1
32.10,7.00,1.40,0.60,1
32.00,7.00,2.20,0.80,1
31.60,7.00,1.60,0.70,1
31.40,7.00,1.60,0.70,1
28.60,6.20,7.00,0.22,0
28.60,6.20,7.00,0.22,0
28.60,6.20,7.00,0.22,0
32.00,6.20,2.70,0.17,0
30.50,7.00,1.60,0.60,0
31.80,7.00,2.20,0.80,0
31.50,7.00,1.40,0.80,0
32.00,6.20,2.70,0.17,0
30.50,7.00,1.60,0.60,0
31.80,7.00,2.20,0.80,0
31.50,7.00,1.40,0.80,0
32.00,6.20,2.70,0.17,0
30.50,7.00,1.60,0.60,0
31.80,7.00,2.20,0.80,0
31.50,7.00,1.40,0.80,0
30.40,6.20,4.50,0.18,0
31.30,6.20,4.60,0.15,0
32.00,6.30,5.80,0.17,0
30.40,6.20,4.50,0.18,0
31.30,6.20,4.60,0.15,0
32.00,6.30,5.80,0.17,0
30.40,6.20,4.50,0.18,0
31.30,6.20,4.60,0.15,0
32.00,6.30,5.80,0.17,0
30.60,6.20,6.80,0.18,0
30.60,6.20,6.80,0.18,0
30.60,6.20,6.80,0.18,0
24.40,7.12,4.97,0.31,0
24.39,7.12,4.97,0.31,0
24.38,7.12,4.97,0.31,0
24.36,7.12,4.98,0.31,0
24.35,7.12,4.98,0.31,0
24.34,7.13,4.98,0.31,0
24.33,7.13,4.98,0.31,0
24.31,7.13,4.98,0.31,0
24.30,7.13,4.99,0.31,0
24.29,7.13,4.99,0.31,0
24.27,7.13,4.99,0.31,0
24.26,7.13,4.99,0.31,0
24.25,7.13,4.99,0.31,0
24.23,7.13,5.00,0.31,0
24.22,7.14,5.00,0.31,0
24.21,7.14,5.00,0.31,0
24.19,7.14,5.00,0.31,0
24.18,7.14,5.00,0.31,0
24.17,7.14,5.00,0.31,0
24.16,7.14,5.01,0.31,0
24.14,7.14,5.01,0.31,0
24.13,7.14,5.01,0.31,0
24.12,7.14,5.01,0.31,0
24.10,7.14,5.01,0.30,0
28.80,6.30,7.60,0.18,0
28.80,6.30,7.60,0.18,0
28.80,6.30,7.60,0.18,0
24.09,7.15,5.02,0.30,0
24.08,7.15,5.02,0.30,0
24.06,7.15,5.02,0.30,0
24.05,7.15,5.02,0.30,0
24.04,7.15,5.02,0.30,0
24.03,7.15,5.03,0.30,0
24.01,7.15,5.03,0.30,0
24.00,7.15,5.03,0.30,0
23.99,7.15,5.03,0.30,0
23.97,7.16,5.03,0.30,0
23.96,7.16,5.03,0.30,0
23.95,7.16,5.04,0.30,0
23.93,7.16,5.04,0.30,0
23.92,7.16,5.04,0.30,0
23.91,7.16,5.04,0.30,0
23.89,7.16,5.04,0.30,0
23.88,7.16,5.05,0.30,0
23.87,7.16,5.05,0.30,0
23.86,7.17,5.05,0.30,0
23.84,7.17,5.05,0.30,0
23.83,7.17,5.05,0.30,0
28.80,6.20,6.40,0.19,0
30.50,7.00,1.60,0.60,0
32.10,7.00,1.40,0.80,0
31.80,7.00,1.60,0.70,0
31.00,7.00,1.40,0.60,0
28.80,6.20,6.40,0.19,0
30.50,7.00,1.60,0.60,0
32.10,7.00,1.40,0.80,0
31.80,7.00,1.60,0.70,0
31.00,7.00,1.40,0.60,0
28.80,6.20,6.40,0.19,0
30.50,7.00,1.60,0.60,0
32.10,7.00,1.40,0.80,0
31.80,7.00,1.60,0.70,0
31.00,7.00,1.40,0.60,0
23.82,7.17,5.06,0.30,0
23.80,7.17,5.06,0.30,0
23.79,7.17,5.06,0.30,0
23.78,7.17,5.06,0.30,0
23.76,7.17,5.06,0.30,0
23.75,7.17,5.06,0.30,0
23.74,7.17,5.07,0.30,0
23.73,7.18,5.07,0.30,0
23.71,7.18,5.07,0.30,0
23.70,7.18,5.07,0.30,0
23.69,7.18,5.07,0.30,0
23.67,7.18,5.08,0.30,0
23.66,7.18,5.08,0.30,0
23.65,7.18,5.08,0.30,0
23.63,7.18,5.08,0.30,0
23.62,7.18,5.08,0.30,0
23.61,7.19,5.09,0.30,0
23.60,7.19,5.09,0.30,0
23.58,7.19,5.09,0.29,0
23.57,7.19,5.09,0.29,0
23.56,7.19,5.09,0.29,0
23.54,7.19,5.10,0.29,0
23.53,7.19,5.10,0.29,0
23.52,7.19,5.10,0.29,0
23.50,7.19,5.10,0.29,0
23.49,7.20,5.10,0.29,0
23.48,7.20,5.10,0.29,0
23.46,7.20,5.11,0.29,0
23.45,7.20,5.11,0.29,0
23.44,7.20,5.11,0.29,0
23.43,7.20,5.11,0.29,0
23.41,7.20,5.11,0.29,0
23.40,7.20,5.12,0.29,0
23.39,7.20,5.12,0.29,0
23.37,7.21,5.12,0.29,0
23.36,7.21,5.12,0.29,0
23.35,7.21,5.12,0.29,0
23.33,7.21,5.13,0.29,0
23.32,7.21,5.13,0.29,0
23.31,7.21,5.13,0.29,0
23.30,7.21,5.13,0.29,0
23.28,7.21,5.13,0.29,0
23.27,7.21,5.13,0.29,0
23.26,7.21,5.14,0.29,0
23.24,7.22,5.14,0.29,0
23.23,7.22,5.14,0.29,0
23.22,7.22,5.14,0.29,0
23.20,7.22,5.14,0.29,0
23.19,7.22,5.15,0.29,0
23.18,7.22,5.15,0.29,0
23.16,7.22,5.15,0.29,0
23.15,7.22,5.15,0.29,0
23.14,7.22,5.15,0.29,0
23.13,7.23,5.16,0.29,0
23.11,7.23,5.16,0.29,0
23.10,7.23,5.16,0.29,0
23.09,7.23,5.16,0.29,0
23.07,7.23,5.16,0.29,0
23.06,7.23,5.17,0.28,0
23.05,7.23,5.17,0.28,0
23.03,7.23,5.17,0.28,0
23.02,7.23,5.17,0.28,0
23.01,7.24,5.17,0.28,0
23.00,7.24,5.17,0.28,0
22.98,7.24,5.18,0.28,0
22.97,7.24,5.18,0.28,0
22.96,7.24,5.18,0.28,0
22.94,7.24,5.18,0.28,0
22.93,7.24,5.18,0.28,0
22.92,7.24,5.19,0.28,0
22.90,7.24,5.19,0.28,0
22.89,7.24,5.19,0.28,0
22.88,7.25,5.19,0.28,0
22.86,7.25,5.19,0.28,0
22.85,7.25,5.20,0.28,0
22.84,7.25,5.20,0.28,0
22.83,7.25,5.20,0.28,0
22.81,7.25,5.20,0.28,0
22.80,7.25,5.20,0.28,0
22.79,7.25,5.20,0.28,0
22.77,7.25,5.21,0.28,0
22.76,7.26,5.21,0.28,0
22.75,7.26,5.21,0.28,0
22.73,7.26,5.21,0.28,0
22.72,7.26,5.21,0.28,0
22.71,7.26,5.22,0.28,0
22.70,7.26,5.22,0.28,0
22.68,7.26,5.22,0.28,0
22.67,7.26,5.22,0.28,0
22.66,7.26,5.22,0.28,0
22.64,7.27,5.23,0.28,0
22.63,7.27,5.23,0.28,0
22.62,7.27,5.23,0.28,0
22.60,7.27,5.23,0.28,0
22.59,7.27,5.23,0.28,0
22.58,7.27,5.23,0.28,0
22.56,7.27,5.24,0.28,0
22.55,7.27,5.24,0.28,0
22.54,7.27,5.24,0.27,0
22.53,7.28,5.24,0.27,0
22.51,7.28,5.24,0.27,0
22.50,7.28,5.25,0.27,0
22.49,7.28,5.25,0.27,0
22.47,7.28,5.25,0.27,0
22.46,7.28,5.25,0.27,0
22.45,7.28,5.25,0.27,0
22.43,7.28,5.26,0.27,0
22.42,7.28,5.26,0.27,0
22.41,7.28,5.26,0.27,0
22.40,7.29,5.26,0.27,0
22.38,7.29,5.26,0.27,0
22.37,7.29,5.27,0.27,0
22.36,7.29,5.27,0.27,0
22.34,7.29,5.27,0.27,0
22.33,7.29,5.27,0.27,0
22.32,7.29,5.27,0.27,0
22.30,7.29,5.27,0.27,0
22.29,7.29,5.28,0.27,0
22.28,7.30,5.28,0.27,0
22.26,7.30,5.28,0.27,0
22.25,7.30,5.28,0.27,0
22.24,7.30,5.28,0.27,0
22.23,7.30,5.29,0.27,0
22.21,7.30,5.29,0.27,0
22.20,7.30,5.29,0.27,0
22.19,7.30,5.29,0.27,0
22.17,7.30,5.29,0.27,0
22.16,7.31,5.30,0.27,0
22.15,7.31,5.30,0.27,0
22.13,7.31,5.30,0.27,0
22.12,7.31,5.30,0.27,0
22.11,7.31,5.30,0.27,0
22.10,7.31,5.30,0.27,0
22.08,7.31,5.31,0.27,0
22.07,7.31,5.31,0.27,0
22.06,7.31,5.31,0.27,0
22.04,7.31,5.31,0.27,0
22.03,7.32,5.31,0.27,0
22.02,7.32,5.32,0.27,0
22.00,7.32,5.32,0.26,0
21.99,7.32,5.32,0.26,0
21.98,7.32,5.32,0.26,0
21.97,7.32,5.32,0.26,0
21.95,7.32,5.33,0.26,0
21.94,7.32,5.33,0.26,0
21.93,7.32,5.33,0.26,0
21.91,7.33,5.33,0.26,0
21.90,7.33,5.33,0.26,0
21.89,7.33,5.33,0.26,0
28.70,6.20,5.40,0.19,0
28.70,6.20,5.40,0.19,0
28.70,6.20,5.40,0.19,0
21.87,7.33,5.34,0.26,0
21.86,7.33,5.34,0.26,0
21.85,7.33,5.34,0.26,0
21.83,7.33,5.34,0.26,0
21.82,7.33,5.34,0.26,0
21.81,7.33,5.35,0.26,0
21.80,7.34,5.35,0.26,0
21.78,7.34,5.35,0.26,0
21.77,7.34,5.35,0.26,0
21.76,7.34,5.35,0.26,0
21.74,7.34,5.36,0.26,0
21.73,7.34,5.36,0.26,0
21.72,7.34,5.36,0.26,0
21.70,7.34,5.36,0.26,0
21.69,7.34,5.36,0.26,0
21.68,7.35,5.37,0.26,0
21.67,7.35,5.37,0.26,0
21.65,7.35,5.37,0.26,0
21.64,7.35,5.37,0.26,0
21.63,7.35,5.37,0.26,0
21.61,7.35,5.37,0.26,0
21.60,7.35,5.38,0.26,0
21.59,7.35,5.38,0.26,0
21.57,7.35,5.38,0.26,0
21.56,7.35,5.38,0.26,0
21.55,7.36,5.38,0.26,0
21.53,7.36,5.39,0.26,0
21.52,7.36,5.39,0.26,0
21.51,7.36,5.39,0.26,0
21.50,7.36,5.39,0.26,0
21.48,7.36,5.39,0.25,0
21.47,7.36,5.40,0.25,0
21.46,7.36,5.40,0.25,0
21.44,7.36,5.40,0.25,0
21.43,7.37,5.40,0.25,0
21.42,7.37,5.40,0.25,0
21.40,7.37,5.40,0.25,0
21.39,7.37,5.41,0.25,0
21.38,7.37,5.41,0.25,0
21.37,7.37,5.41,0.25,0
21.35,7.37,5.41,0.25,0
21.34,7.37,5.41,0.25,0
21.33,7.37,5.42,0.25,0
21.31,7.38,5.42,0.25,0
21.30,7.38,5.42,0.25,0
21.29,7.38,5.42,0.25,0
21.27,7.38,5.42,0.25,0
21.26,7.38,5.43,0.25,0
21.25,7.38,5.43,0.25,0
21.23,7.38,5.43,0.25,0
21.22,7.38,5.43,0.25,0
21.21,7.38,5.43,0.25,0
21.20,7.38,5.43,0.25,0
21.18,7.39,5.44,0.25,0
21.17,7.39,5.44,0.25,0
21.16,7.39,5.44,0.25,0
21.14,7.39,5.44,0.25,0
21.13,7.39,5.44,0.25,0
21.12,7.39,5.45,0.25,0
21.10,7.39,5.45,0.25,0
21.09,7.39,5.45,0.25,0
21.08,7.39,5.45,0.25,0
21.07,7.40,5.45,0.25,0
21.05,7.40,5.46,0.25,0
28.60,6.30,9.30,0.15,0
29.40,6.40,7.20,0.17,0
28.60,6.30,9.30,0.15,0
29.40,6.40,7.20,0.17,0
28.60,6.30,9.30,0.15,0
29.40,6.40,7.20,0.17,0
21.04,7.40,5.46,0.25,0
21.03,7.40,5.46,0.25,0
21.01,7.40,5.46,0.25,0
21.00,7.40,5.46,0.25,0
20.99,7.40,5.47,0.25,0
20.97,7.40,5.47,0.25,0
20.96,7.40,5.47,0.24,0
20.95,7.41,5.47,0.24,0
20.93,7.41,5.47,0.24,0
20.92,7.41,5.47,0.24,0
20.91,7.41,5.48,0.24,0
20.90,7.41,5.48,0.24,0
20.88,7.41,5.48,0.24,0
20.87,7.41,5.48,0.24,0
20.86,7.41,5.48,0.24,0
20.84,7.41,5.49,0.24,0
20.83,7.42,5.49,0.24,0
20.82,7.42,5.49,0.24,0
20.80,7.42,5.49,0.24,0
20.79,7.42,5.49,0.24,0
20.78,7.42,5.50,0.24,0
20.77,7.42,5.50,0.24,0
20.75,7.42,5.50,0.24,0
20.74,7.42,5.50,0.24,0
20.73,7.42,5.50,0.24,0
20.71,7.42,5.50,0.24,0
20.70,7.43,5.51,0.24,0
20.69,7.43,5.51,0.24,0
20.67,7.43,5.51,0.24,0
20.66,7.43,5.51,0.24,0
20.65,7.43,5.51,0.24,0
20.63,7.43,5.52,0.24,0
20.62,7.43,5.52,0.24,0
20.61,7.43,5.52,0.24,0
20.60,7.43,5.52,0.24,0
20.58,7.44,5.52,0.24,0
20.57,7.44,5.53,0.24,0
20.56,7.44,5.53,0.24,0
20.54,7.44,5.53,0.24,0
20.53,7.44,5.53,0.24,0
20.52,7.44,5.53,0.24,0
20.50,7.44,5.54,0.24,0
20.49,7.44,5.54,0.24,0
20.48,7.44,5.54,0.24,0
20.47,7.45,5.54,0.24,0
20.45,7.45,5.54,0.24,0
20.44,7.45,5.54,0.24,0
20.43,7.45,5.55,0.23,0
20.41,7.45,5.55,0.23,0
20.40,7.45,5.55,0.23,0
20.39,7.45,5.55,0.23,0
20.37,7.45,5.55,0.23,0
20.36,7.45,5.56,0.23,0
20.35,7.45,5.56,0.23,0
20.33,7.46,5.56,0.23,0
20.32,7.46,5.56,0.23,0
20.31,7.46,5.56,0.23,0
20.30,7.46,5.57,0.23,0
20.28,7.46,5.57,0.23,0
20.27,7.46,5.57,0.23,0
20.26,7.46,5.57,0.23,0
20.24,7.46,5.57,0.23,0
20.23,7.46,5.57,0.23,0
20.22,7.47,5.58,0.23,0
20.20,7.47,5.58,0.23,0
20.19,7.47,5.58,0.23,0
20.18,7.47,5.58,0.23,0
20.17,7.47,5.58,0.23,0
20.15,7.47,5.59,0.23,0
20.14,7.47,5.59,0.23,0
20.13,7.47,5.59,0.23,0
20.11,7.47,5.59,0.23,0
20.10,7.48,5.59,0.23,0
20.09,7.48,5.60,0.23,0
20.07,7.48,5.60,0.23,0
20.06,7.48,5.60,0.23,0
20.05,7.48,5.60,0.23,0
20.04,7.48,5.60,0.23,0
20.02,7.48,5.60,0.23,0
20.01,7.48,5.61,0.23,0
20.00,7.48,5.61,0.23,0
19.98,7.48,5.61,0.23,0
19.97,7.49,5.61,0.23,0
19.96,7.49,5.61,0.23,0
19.94,7.49,5.62,0.23,0
19.93,7.49,5.62,0.23,0
19.92,7.49,5.62,0.23,0
19.90,7.49,5.62,0.22,0
19.89,7.49,5.62,0.22,0
19.88,7.49,5.63,0.22,0
19.87,7.49,5.63,0.22,0
19.85,7.50,5.63,0.22,0
19.84,7.50,5.63,0.22,0
19.83,7.50,5.63,0.22,0
19.81,7.50,5.64,0.22,0
19.80,7.50,5.64,0.22,0
19.79,7.50,5.64,0.22,0
19.77,7.50,5.64,0.22,0
19.76,7.50,5.64,0.22,0
19.75,7.50,5.64,0.22,0
19.74,7.51,5.65,0.22,0
19.72,7.51,5.65,0.22,0
19.71,7.51,5.65,0.22,0
19.70,7.51,5.65,0.22,0
19.68,7.51,5.65,0.22,0
19.67,7.51,5.66,0.22,0
19.66,7.51,5.66,0.22,0
28.40,6.40,9.20,0.09,0
28.40,6.40,9.20,0.09,0
28.40,6.40,9.20,0.09,0
19.64,7.51,5.66,0.22,0
19.63,7.51,5.66,0.22,0
19.62,7.52,5.66,0.22,0
19.60,7.52,5.67,0.22,0
19.59,7.52,5.67,0.22,0
19.58,7.52,5.67,0.22,0
19.57,7.52,5.67,0.22,0
19.55,7.52,5.67,0.22,0
19.54,7.52,5.67,0.22,0
19.53,7.52,5.68,0.22,0
19.51,7.52,5.68,0.22,0
19.50,7.52,5.68,0.22,0
19.49,7.53,5.68,0.22,0
19.47,7.53,5.68,0.22,0
19.46,7.53,5.69,0.22,0
19.45,7.53,5.69,0.22,0
19.44,7.53,5.69,0.22,0
19.42,7.53,5.69,0.22,0
19.41,7.53,5.69,0.22,0
19.40,7.53,5.70,0.22,0
19.38,7.53,5.70,0.21,0
31.70,6.10,6.00,0.12,0
29.40,6.30,8.00,0.14,0
31.70,6.10,6.00,0.12,0
29.40,6.30,8.00,0.14,0
31.70,6.10,6.00,0.12,0
29.40,6.30,8.00,0.14,0
19.37,7.54,5.70,0.21,0
19.36,7.54,5.70,0.21,0
19.34,7.54,5.70,0.21,0
19.33,7.54,5.70,0.21,0
19.32,7.54,5.71,0.21,0
19.30,7.54,5.71,0.21,0
19.29,7.54,5.71,0.21,0
19.28,7.54,5.71,0.21,0
19.27,7.54,5.71,0.21,0
19.25,7.55,5.72,0.21,0
19.24,7.55,5.72,0.21,0
19.23,7.55,5.72,0.21,0
19.21,7.55,5.72,0.21,0
19.20,7.55,5.72,0.21,0
19.19,7.55,5.73,0.21,0
19.17,7.55,5.73,0.21,0
19.16,7.55,5.73,0.21,0
19.15,7.55,5.73,0.21,0
19.14,7.55,5.73,0.21,0
19.12,7.56,5.74,0.21,0
19.11,7.56,5.74,0.21,0
19.10,7.56,5.74,0.21,0
19.08,7.56,5.74,0.21,0
19.07,7.56,5.74,0.21,0
19.06,7.56,5.74,0.21,0
19.04,7.56,5.75,0.21,0
19.03,7.56,5.75,0.21,0
19.02,7.56,5.75,0.21,0
19.00,7.57,5.75,0.21,0
18.99,7.57,5.75,0.21,0
18.98,7.57,5.76,0.21,0
18.97,7.57,5.76,0.21,0
18.95,7.57,5.76,0.21,0
18.94,7.57,5.76,0.21,0
18.93,7.57,5.76,0.21,0
18.91,7.57,5.77,0.21,0
18.90,7.57,5.77,0.21,0
18.89,7.58,5.77,0.21,0
18.87,7.58,5.77,0.21,0
18.86,7.58,5.77,0.21,0
18.85,7.58,5.77,0.20,0
18.84,7.58,5.78,0.20,0
18.82,7.58,5.78,0.20,0
28.60,6.30,8.10,0.19,0
28.60,6.30,8.10,0.19,0
28.60,6.30,8.10,0.19,0
18.81,7.58,5.78,0.20,0
18.80,7.58,5.78,0.20,0
18.78,7.58,5.78,0.20,0
18.77,7.59,5.79,0.20,0
18.76,7.59,5.79,0.20,0
18.74,7.59,5.79,0.20,0
18.73,7.59,5.79,0.20,0
18.72,7.59,5.79,0.20,0
18.70,7.59,5.80,0.20,0
18.69,7.59,5.80,0.20,0
18.68,7.59,5.80,0.20,0
18.67,7.59,5.80,0.20,0
18.65,7.59,5.80,0.20,0
18.64,7.60,5.81,0.20,0
18.63,7.60,5.81,0.20,0
18.61,7.60,5.81,0.20,0
18.60,7.60,5.81,0.20,0
18.59,7.60,5.81,0.20,0
18.57,7.60,5.81,0.20,0
18.56,7.60,5.82,0.20,0
18.55,7.60,5.82,0.20,0
18.54,7.60,5.82,0.20,0
29.40,6.30,8.40,0.09,0
29.40,6.30,8.40,0.09,0
29.40,6.30,8.40,0.09,0
18.52,7.61,5.82,0.20,0
18.51,7.61,5.82,0.20,0
18.50,7.61,5.83,0.20,0
18.48,7.61,5.83,0.20,0
18.47,7.61,5.83,0.20,0
18.46,7.61,5.83,0.20,0
18.44,7.61,5.83,0.20,0
18.43,7.61,5.84,0.20,0
18.42,7.61,5.84,0.20,0
18.41,7.62,5.84,0.20,0
18.39,7.62,5.84,0.20,0
18.38,7.62,5.84,0.20,0
18.37,7.62,5.84,0.20,0
18.35,7.62,5.85,0.20,0
18.34,7.62,5.85,0.20,0
18.33,7.62,5.85,0.19,0
18.31,7.62,5.85,0.19,0
18.30,7.62,5.85,0.19,0
18.29,7.62,5.86,0.19,0
18.27,7.63,5.86,0.19,0
18.26,7.63,5.86,0.19,0
30.40,6.20,7.60,0.08,0
30.50,7.00,1.60,0.70,0
30.60,7.00,1.60,0.60,0
30.40,6.20,7.60,0.08,0
30.50,7.00,1.60,0.70,0
30.60,7.00,1.60,0.60,0
30.40,6.20,7.60,0.08,0
30.50,7.00,1.60,0.70,0
30.60,7.00,1.60,0.60,0
18.25,7.63,5.86,0.19,0
18.24,7.63,5.86,0.19,0
18.22,7.63,5.87,0.19,0
18.21,7.63,5.87,0.19,0
18.20,7.63,5.87,0.19,0
18.18,7.63,5.87,0.19,0
18.17,7.63,5.87,0.19,0
18.16,7.64,5.87,0.19,0
18.14,7.64,5.88,0.19,0
18.13,7.64,5.88,0.19,0
18.12,7.64,5.88,0.19,0
18.11,7.64,5.88,0.19,0
18.09,7.64,5.88,0.19,0
18.08,7.64,5.89,0.19,0
18.07,7.64,5.89,0.19,0
18.05,7.64,5.89,0.19,0
18.04,7.65,5.89,0.19,0
18.03,7.65,5.89,0.19,0
18.01,7.65,5.90,0.19,0
18.00,7.65,5.90,0.19,0
17.99,7.65,5.90,0.19,0
17.97,7.65,5.90,0.19,0
17.96,7.65,5.90,0.19,0
17.95,7.65,5.91,0.19,0
17.94,7.65,5.91,0.19,0
17.92,7.66,5.91,0.19,0
17.91,7.66,5.91,0.19,0
17.90,7.66,5.91,0.19,0
17.88,7.66,5.91,0.19,0
17.87,7.66,5.92,0.19,0
17.86,7.66,5.92,0.19,0
17.84,7.66,5.92,0.19,0
17.83,7.66,5.92,0.19,0
17.82,7.66,5.92,0.19,0
17.81,7.66,5.93,0.18,0
17.79,7.67,5.93,0.18,0
17.78,7.67,5.93,0.18,0
17.77,7.67,5.93,0.18,0
17.75,7.67,5.93,0.18,0
17.74,7.67,5.94,0.18,0
17.73,7.67,5.94,0.18,0
17.71,7.67,5.94,0.18,0
17.70,7.67,5.94,0.18,0
17.69,7.67,5.94,0.18,0
17.67,7.68,5.94,0.18,0
17.66,7.68,5.95,0.18,0
17.65,7.68,5.95,0.18,0
17.64,7.68,5.95,0.18,0
17.62,7.68,5.95,0.18,0
17.61,7.68,5.95,0.18,0
17.60,7.68,5.96,0.18,0
17.58,7.68,5.96,0.18,0
17.57,7.68,5.96,0.18,0
17.56,7.69,5.96,0.18,0
17.54,7.69,5.96,0.18,0
17.53,7.69,5.97,0.18,0
17.52,7.69,5.97,0.18,0
17.51,7.69,5.97,0.18,0
17.49,7.69,5.97,0.18,0
17.48,7.69,5.97,0.18,0
17.47,7.69,5.97,0.18,0
17.45,7.69,5.98,0.18,0
17.44,7.69,5.98,0.18,0
17.43,7.70,5.98,0.18,0
17.41,7.70,5.98,0.18,0
17.40,7.70,5.98,0.18,0
17.39,7.70,5.99,0.18,0
17.37,7.70,5.99,0.18,0
17.36,7.70,5.99,0.18,0
17.35,7.70,5.99,0.18,0
17.34,7.70,5.99,0.18,0
17.32,7.70,6.00,0.18,0
17.31,7.71,6.00,0.18,0
17.30,7.71,6.00,0.18,0
17.28,7.71,6.00,0.17,0
17.27,7.71,6.00,0.17,0
17.26,7.71,6.01,0.17,0
17.24,7.71,6.01,0.17,0
17.23,7.71,6.01,0.17,0
17.22,7.71,6.01,0.17,0
17.21,7.71,6.01,0.17,0
17.19,7.72,6.01,0.17,0
17.18,7.72,6.02,0.17,0
17.17,7.72,6.02,0.17,0
17.15,7.72,6.02,0.17,0
17.14,7.72,6.02,0.17,0
17.13,7.72,6.02,0.17,0
17.11,7.72,6.03,0.17,0
17.10,7.72,6.03,0.17,0
17.09,7.72,6.03,0.17,0
17.07,7.73,6.03,0.17,0
17.06,7.73,6.03,0.17,0
17.05,7.73,6.04,0.17,0
17.04,7.73,6.04,0.17,0
17.02,7.73,6.04,0.17,0
17.01,7.73,6.04,0.17,0
17.00,7.73,6.04,0.17,0
16.98,7.73,6.04,0.17,0
16.97,7.73,6.05,0.17,0
16.96,7.73,6.05,0.17,0
16.94,7.74,6.05,0.17,0
16.93,7.74,6.05,0.17,0
16.92,7.74,6.05,0.17,0
16.91,7.74,6.06,0.17,0
16.89,7.74,6.06,0.17,0
16.88,7.74,6.06,0.17,0
16.87,7.74,6.06,0.17,0
16.85,7.74,6.06,0.17,0
16.84,7.74,6.07,0.17,0
16.83,7.75,6.07,0.17,0
16.81,7.75,6.07,0.17,0
16.80,7.75,6.07,0.17,0
16.79,7.75,6.07,0.17,0
16.78,7.75,6.08,0.17,0
16.76,7.75,6.08,0.17,0
16.75,7.75,6.08,0.16,0
16.74,7.75,6.08,0.16,0
16.72,7.75,6.08,0.16,0
16.71,7.76,6.08,0.16,0
16.70,7.76,6.09,0.16,0
16.68,7.76,6.09,0.16,0
16.67,7.76,6.09,0.16,0
16.66,7.76,6.09,0.16,0
16.64,7.76,6.09,0.16,0
16.63,7.76,6.10,0.16,0
16.62,7.76,6.10,0.16,0
16.61,7.76,6.10,0.16,0
16.59,7.76,6.10,0.16,0
31.20,7.00,2.20,0.60,0
31.20,7.00,2.20,0.60,0
30.50,7.00,1.60,0.80,0
32.10,7.00,2.20,0.60,0
30.40,7.00,2.20,0.60,0
30.70,7.00,1.60,0.60,0
32.30,7.00,1.40,0.70,0
31.20,7.00,2.20,0.60,0
31.20,7.00,2.20,0.60,0
30.50,7.00,1.60,0.80,0
32.10,7.00,2.20,0.60,0
30.40,7.00,2.20,0.60,0
30.70,7.00,1.60,0.60,0
32.30,7.00,1.40,0.70,0
31.20,7.00,2.20,0.60,0
31.20,7.00,2.20,0.60,0
30.50,7.00,1.60,0.80,0
32.10,7.00,2.20,0.60,0
30.40,7.00,2.20,0.60,0
30.70,7.00,1.60,0.60,0
32.30,7.00,1.40,0.70,0
16.58,7.77,6.10,0.16,0
16.57,7.77,6.11,0.16,0
16.55,7.77,6.11,0.16,0
16.54,7.77,6.11,0.16,0
16.53,7.77,6.11,0.16,0
16.51,7.77,6.11,0.16,0
16.50,7.77,6.11,0.16,0
16.49,7.77,6.12,0.16,0
16.48,7.77,6.12,0.16,0
16.46,7.78,6.12,0.16,0
16.45,7.78,6.12,0.16,0
16.44,7.78,6.12,0.16,0
16.42,7.78,6.13,0.16,0
16.41,7.78,6.13,0.16,0
16.40,7.78,6.13,0.16,0
16.38,7.78,6.13,0.16,0
16.37,7.78,6.13,0.16,0
16.36,7.78,6.14,0.16,0
16.34,7.79,6.14,0.16,0
16.33,7.79,6.14,0.16,0
16.32,7.79,6.14,0.16,0
31.20,7.00,2.20,0.70,0
30.50,7.00,2.20,0.70,0
31.20,7.00,2.20,0.70,0
30.50,7.00,2.20,0.70,0
31.20,7.00,2.20,0.70,0
30.50,7.00,2.20,0.70,0
16.31,7.79,6.14,0.16,0
16.29,7.79,6.14,0.16,0
16.28,7.79,6.15,0.16,0
16.27,7.79,6.15,0.16,0
16.25,7.79,6.15,0.16,0
16.24,7.79,6.15,0.16,0
16.23,7.80,6.15,0.15,0
16.21,7.80,6.16,0.15,0
16.20,7.80,6.16,0.15,0
16.19,7.80,6.16,0.15,0
16.18,7.80,6.16,0.15,0
16.16,7.80,6.16,0.15,0
16.15,7.80,6.17,0.15,0
16.14,7.80,6.17,0.15,0
16.12,7.80,6.17,0.15,0
16.11,7.80,6.17,0.15,0
16.10,7.81,6.17,0.15,0
16.08,7.81,6.18,0.15,0
16.07,7.81,6.18,0.15,0
16.06,7.81,6.18,0.15,0
16.04,7.81,6.18,0.15,0
16.03,7.81,6.18,0.15,0
31.20,7.00,2.20,0.80,0
31.20,7.00,2.20,0.80,0
31.20,7.00,1.40,0.60,0
31.20,7.00,2.20,0.80,0
31.20,7.00,2.20,0.80,0
31.20,7.00,1.40,0.60,0
31.20,7.00,2.20,0.80,0
31.20,7.00,2.20,0.80,0
31.20,7.00,1.40,0.60,0
16.02,7.81,6.18,0.15,0
16.01,7.81,6.19,0.15,0
15.99,7.81,6.19,0.15,0
15.98,7.82,6.19,0.15,0
15.97,7.82,6.19,0.15,0
15.95,7.82,6.19,0.15,0
15.94,7.82,6.20,0.15,0
15.93,7.82,6.20,0.15,0
15.91,7.82,6.20,0.15,0
15.90,7.82,6.20,0.15,0
15.89,7.82,6.20,0.15,0
15.88,7.82,6.21,0.15,0
15.86,7.83,6.21,0.15,0
15.85,7.83,6.21,0.15,0
15.84,7.83,6.21,0.15,0
15.82,7.83,6.21,0.15,0
15.81,7.83,6.21,0.15,0
15.80,7.83,6.22,0.15,0
15.78,7.83,6.22,0.15,0
15.77,7.83,6.22,0.15,0
15.76,7.83,6.22,0.15,0
31.20,7.00,2.20,0.60,0
31.20,7.00,2.20,0.80,0
32.00,7.00,1.60,0.80,0
30.30,7.00,1.40,0.60,0
31.20,7.00,2.20,0.60,0
31.20,7.00,2.20,0.80,0
32.00,7.00,1.60,0.80,0
30.30,7.00,1.40,0.60,0
31.20,7.00,2.20,0.60,0
31.20,7.00,2.20,0.80,0
32.00,7.00,1.60,0.80,0
30.30,7.00,1.40,0.60,0
15.74,7.83,6.22,0.15,0
15.73,7.84,6.23,0.15,0
15.72,7.84,6.23,0.15,0
15.71,7.84,6.23,0.14,0
15.69,7.84,6.23,0.14,0
15.68,7.84,6.23,0.14,0
15.67,7.84,6.24,0.14,0
15.65,7.84,6.24,0.14,0
15.64,7.84,6.24,0.14,0
15.63,7.84,6.24,0.14,0
15.61,7.85,6.24,0.14,0
15.60,7.85,6.24,0.14,0
15.59,7.85,6.25,0.14,0
15.58,7.85,6.25,0.14,0
15.56,7.85,6.25,0.14,0
15.55,7.85,6.25,0.14,0
15.54,7.85,6.25,0.14,0
21.20,7.55,6.60,0.09,0
21.10,7.26,6.30,0.08,0
21.00,7.20,6.20,0.06,0
20.90,6.71,6.00,0.05,0
21.00,6.80,6.30,0.08,0
21.10,7.55,6.20,0.06,0
20.90,7.55,6.20,0.80,0
21.20,7.55,6.60,0.09,0
21.10,7.26,6.30,0.08,0
21.00,7.20,6.20,0.06,0
20.90,6.71,6.00,0.05,0
21.00,6.80,6.30,0.08,0
21.10,7.55,6.20,0.06,0
20.90,7.55,6.20,0.80,0
21.20,7.55,6.60,0.09,0
21.10,7.26,6.30,0.08,0
21.00,7.20,6.20,0.06,0
20.90,6.71,6.00,0.05,0
21.00,6.80,6.30,0.08,0
21.10,7.55,6.20,0.06,0
20.90,7.55,6.20,0.80,0
21.20,7.55,6.60,0.09,0
21.20,7.55,6.60,0.09,0
21.10,7.26,6.30,0.08,0
21.00,7.20,6.20,0.06,0
21.00,7.20,6.20,0.06,0
20.90,6.71,6.00,0.05,0
20.60,7.55,6.60,0.80,0
21.20,7.55,6.60,0.09,0
21.10,7.26,6.30,0.09,0
21.20,7.55,6.20,0.06,0
20.60,7.55,6.60,0.06,0
20.60,7.55,6.60,0.06,0
21.20,6.80,6.60,0.05,0
21.20,6.80,6.30,0.05,0
20.90,7.55,6.20,0.09,0
20.90,7.20,6.20,0.09,0
21.20,7.55,6.60,0.09,0
21.20,7.55,6.60,0.09,0
21.10,7.26,6.30,0.08,0
21.00,7.20,6.20,0.06,0
21.00,7.20,6.20,0.06,0
20.90,6.71,6.00,0.05,0
20.60,7.55,6.60,0.80,0
21.20,7.55,6.60,0.09,0
21.10,7.26,6.30,0.09,0
21.20,7.55,6.20,0.06,0
20.60,7.55,6.60,0.06,0
20.60,7.55,6.60,0.06,0
21.20,6.80,6.60,0.05,0
21.20,6.80,6.30,0.05,0
20.90,7.55,6.20,0.09,0
20.90,7.20,6.20,0.09,0
21.20,7.55,6.60,0.09,0
21.20,7.55,6.60,0.09,0
21.10,7.26,6.30,0.08,0
21.00,7.20,6.20,0.06,0
21.00,7.20,6.20,0.06,0
20.90,6.71,6.00,0.05,0
20.60,7.55,6.60,0.80,0
21.20,7.55,6.60,0.09,0
21.10,7.26,6.30,0.09,0
21.20,7.55,6.20,0.06,0
20.60,7.55,6.60,0.06,0
20.60,7.55,6.60,0.06,0
21.20,6.80,6.60,0.05,0
21.20,6.80,6.30,0.05,0
20.90,7.55,6.20,0.09,0
20.90,7.20,6.20,0.09,0
21.20,7.55,6.60,0.09,0
21.20,7.55,6.60,0.09,0
21.10,7.26,6.30,0.08,0
21.10,7.26,6.30,0.08,0
21.10,7.26,6.30,0.08,0
21.00,7.20,6.20,0.06,0
21.00,7.20,6.20,0.06,0
20.90,6.71,6.00,0.05,0
20.90,6.71,6.00,0.05,0
20.90,6.71,6.00,0.05,0
20.60,7.55,6.60,0.80,0
21.20,7.26,6.60,0.09,0
21.20,7.26,6.60,0.09,0
21.00,7.20,6.30,0.08,0
21.00,6.80,6.30,0.08,0
21.20,6.80,6.20,0.06,0
21.20,7.55,6.20,0.06,0
21.10,7.55,4.60,0.06,0
20.60,7.55,6.60,0.05,0
21.20,7.55,6.30,0.05,0
21.00,7.55,6.30,0.80,0
20.90,7.20,6.20,0.09,0
31.20,6.71,6.00,0.09,0
21.20,7.55,6.60,0.09,0
21.20,7.55,6.60,0.09,0
21.10,7.26,6.30,0.08,0
21.10,7.26,6.30,0.08,0
21.10,7.26,6.30,0.08,0
21.00,7.20,6.20,0.06,0
21.00,7.20,6.20,0.06,0
20.90,6.71,6.00,0.05,0
20.90,6.71,6.00,0.05,0
20.90,6.71,6.00,0.05,0
20.60,7.55,6.60,0.80,0
21.20,7.26,6.60,0.09,0
21.20,7.26,6.60,0.09,0
21.00,7.20,6.30,0.08,0
21.00,6.80,6.30,0.08,0
21.20,6.80,6.20,0.06,0
21.20,7.55,6.20,0.06,0
21.10,7.55,4.60,0.06,0
20.60,7.55,6.60,0.05,0
21.20,7.55,6.30,0.05,0
21.00,7.55,6.30,0.80,0
20.90,7.20,6.20,0.09,0
31.20,6.71,6.00,0.09,0
21.20,7.55,6.60,0.09,0
21.20,7.55,6.60,0.09,0
21.10,7.26,6.30,0.08,0
21.10,7.26,6.30,0.08,0
21.10,7.26,6.30,0.08,0
21.00,7.20,6.20,0.06,0
21.00,7.20,6.20,0.06,0
20.90,6.71,6.00,0.05,0
20.90,6.71,6.00,0.05,0
20.90,6.71,6.00,0.05,0
20.60,7.55,6.60,0.80,0
21.20,7.26,6.60,0.09,0
21.20,7.26,6.60,0.09,0
21.00,7.20,6.30,0.08,0
21.00,6.80,6.30,0.08,0
21.20,6.80,6.20,0.06,0
21.20,7.55,6.20,0.06,0
21.10,7.55,4.60,0.06,0
20.60,7.55,6.60,0.05,0
21.20,7.55,6.30,0.05,0
21.00,7.55,6.30,0.80,0
20.90,7.20,6.20,0.09,0
31.20,6.71,6.00,0.09,0